{"cameraMode":{"drawMode":0,"name":"Shaded","section":"Shading Mode"},"sceneLighting":true,"audioPlay":false,"sceneViewState":{"m_AlwaysRefresh":false,"showFog":true,"showSkybox":true,"showFlares":true,"showImageEffects":true,"showParticleSystems":true,"showVisualEffectGraphs":true,"m_FxEnabled":true},"in2DMode":false,"pivot":{"x":29.193126678466798,"y":107.23766326904297,"z":197.16616821289063},"rotation":{"x":0.036815058439970019,"y":0.9538976550102234,"z":-0.2673993408679962,"w":0.13131141662597657},"size":96.23217010498047,"orthographic":true}